{
  "per_ratio": [
    {
      "ratio": 0.0,
      "real_added": 0,
      "synth_used": 10528,
      "n_train": 10528,
      "n_test": 1400,
      "test_intent_acc": 0.7278571428571429,
      "train_secs": 3230.6388549804688
    },
    {
      "ratio": 0.25,
      "real_added": 2612,
      "synth_used": 10528,
      "n_train": 13140,
      "n_test": 1400,
      "test_intent_acc": 0.8,
      "train_secs": 4060.921665906906
    },
    {
      "ratio": 1.0,
      "real_added": 10445,
      "synth_used": 10528,
      "n_train": 20973,
      "n_test": 1400,
      "test_intent_acc": 0.915,
      "train_secs": 6583.410806655884
    }
  ],
  "real_only_baseline": {
    "ratio": "real_only",
    "real_added": 10445,
    "synth_used": 0,
    "n_train": 10445,
    "n_test": 1400,
    "test_intent_acc": 0.9128571428571428,
    "train_secs": 3245.1620473861694
  },
  "config": {
    "ratios": [
      0.0,
      0.25,
      1.0
    ],
    "epochs": 10,
    "batch_size": 16,
    "lr": 0.0001,
    "seed": 42,
    "backbone": "tiny.en",
    "skip_real_only": false
  }
}