{
  "per_ratio": [
    {
      "ratio": 0.0,
      "real_added": 0,
      "synth_used": 10528,
      "n_train": 10528,
      "n_test": 1400,
      "test_intent_acc": 0.7021428571428572,
      "train_secs": 3455.8743376731873
    },
    {
      "ratio": 0.25,
      "real_added": 2612,
      "synth_used": 10528,
      "n_train": 13140,
      "n_test": 1400,
      "test_intent_acc": 0.8171428571428572,
      "train_secs": 4243.686777114868
    },
    {
      "ratio": 1.0,
      "real_added": 10445,
      "synth_used": 10528,
      "n_train": 20973,
      "n_test": 1400,
      "test_intent_acc": 0.9,
      "train_secs": 6586.411700487137
    }
  ],
  "real_only_baseline": {
    "ratio": "real_only",
    "real_added": 10445,
    "synth_used": 0,
    "n_train": 10445,
    "n_test": 1400,
    "test_intent_acc": 0.91,
    "train_secs": 3294.928857088089
  },
  "config": {
    "ratios": [
      0.0,
      0.25,
      1.0
    ],
    "epochs": 10,
    "batch_size": 16,
    "lr": 0.0001,
    "seed": 42,
    "backbone": "tiny.en",
    "skip_real_only": false,
    "audio_source": "F5-v2 multi-ref (8 refs/speaker)"
  }
}