{
  "per_ratio": [
    {
      "ratio": 0.0,
      "real_added": 0,
      "synth_used": 10528,
      "n_train": 10528,
      "n_test": 1400,
      "test_intent_acc": 0.4957142857142857,
      "train_secs": 3094.8194098472595
    },
    {
      "ratio": 0.25,
      "real_added": 2612,
      "synth_used": 10528,
      "n_train": 13140,
      "n_test": 1400,
      "test_intent_acc": 0.7635714285714286,
      "train_secs": 3899.416026830673
    },
    {
      "ratio": 1.0,
      "real_added": 10445,
      "synth_used": 10528,
      "n_train": 20973,
      "n_test": 1400,
      "test_intent_acc": 0.9007142857142857,
      "train_secs": 5961.054057836533
    }
  ],
  "real_only_baseline": {
    "ratio": "real_only",
    "real_added": 10445,
    "synth_used": 0,
    "n_train": 10445,
    "n_test": 1400,
    "test_intent_acc": 0.895,
    "train_secs": 3152.5172567367554
  },
  "config": {
    "ratios": [
      0.0,
      0.25,
      1.0
    ],
    "epochs": 10,
    "batch_size": 16,
    "lr": 0.0001,
    "seed": 42,
    "backbone": "tiny.en",
    "skip_real_only": false
  }
}