{
  "tag": "real_close",
  "dataset": "data/snips_real_close/dataset.json",
  "n_folds": 5,
  "seed": 42,
  "per_fold": [
    {
      "fold": 0,
      "n_train": 1409,
      "n_test": 356,
      "n_eval": 356,
      "train_secs": 10.769455194473267,
      "intent_accuracy": 0.9691011235955056,
      "intent_micro_p": 0.9745762711864406,
      "intent_micro_r": 0.9691011235955056,
      "intent_micro_f1": 0.9718309859154929,
      "intent_per_intent": {
        "DecreaseBrightness": {
          "precision": 0.967741935483871,
          "recall": 1.0,
          "f1": 0.9836065573770492,
          "tp": 60,
          "fp": 2,
          "fn": 0
        },
        "IncreaseBrightness": {
          "precision": 0.9344262295081968,
          "recall": 0.95,
          "f1": 0.9421487603305784,
          "tp": 57,
          "fp": 4,
          "fn": 3
        },
        "SetLightBrightness": {
          "precision": 1.0,
          "recall": 0.9666666666666667,
          "f1": 0.983050847457627,
          "tp": 58,
          "fp": 0,
          "fn": 2
        },
        "SetLightColor": {
          "precision": 1.0,
          "recall": 1.0,
          "f1": 1.0,
          "tp": 60,
          "fp": 0,
          "fn": 0
        },
        "SwitchLightOff": {
          "precision": 1.0,
          "recall": 0.9333333333333333,
          "f1": 0.9655172413793104,
          "tp": 56,
          "fp": 0,
          "fn": 4
        },
        "SwitchLightOn": {
          "precision": 0.9473684210526315,
          "recall": 0.9642857142857143,
          "f1": 0.9557522123893805,
          "tp": 54,
          "fp": 3,
          "fn": 2
        }
      },
      "slot_micro_p": 0.9809523809523809,
      "slot_micro_r": 0.9596273291925466,
      "slot_micro_f1": 0.9701726844583988,
      "slot_per_intent": {
        "SetLightColor::room": {
          "precision": 0.9354838709677419,
          "recall": 0.9666666666666667,
          "f1": 0.9508196721311476,
          "tp": 29,
          "fp": 2,
          "fn": 1
        },
        "SetLightBrightness::room": {
          "precision": 1.0,
          "recall": 0.9534883720930233,
          "f1": 0.9761904761904763,
          "tp": 41,
          "fp": 0,
          "fn": 2
        },
        "SwitchLightOn::room": {
          "precision": 1.0,
          "recall": 0.9705882352941176,
          "f1": 0.9850746268656716,
          "tp": 33,
          "fp": 0,
          "fn": 1
        },
        "IncreaseBrightness::room": {
          "precision": 0.9655172413793104,
          "recall": 0.9333333333333333,
          "f1": 0.9491525423728815,
          "tp": 28,
          "fp": 1,
          "fn": 2
        },
        "DecreaseBrightness::room": {
          "precision": 0.9655172413793104,
          "recall": 1.0,
          "f1": 0.9824561403508771,
          "tp": 28,
          "fp": 1,
          "fn": 0
        },
        "SetLightColor::color": {
          "precision": 1.0,
          "recall": 1.0,
          "f1": 1.0,
          "tp": 60,
          "fp": 0,
          "fn": 0
        },
        "SetLightBrightness::brightness": {
          "precision": 0.9655172413793104,
          "recall": 0.9333333333333333,
          "f1": 0.9491525423728815,
          "tp": 56,
          "fp": 2,
          "fn": 4
        },
        "SwitchLightOff::room": {
          "precision": 1.0,
          "recall": 0.918918918918919,
          "f1": 0.9577464788732395,
          "tp": 34,
          "fp": 0,
          "fn": 3
        }
      }
    },
    {
      "fold": 1,
      "n_train": 1412,
      "n_test": 353,
      "n_eval": 353,
      "train_secs": 4.248265981674194,
      "intent_accuracy": 0.9745042492917847,
      "intent_micro_p": 0.98005698005698,
      "intent_micro_r": 0.9745042492917847,
      "intent_micro_f1": 0.9772727272727273,
      "intent_per_intent": {
        "DecreaseBrightness": {
          "precision": 0.9661016949152542,
          "recall": 0.9661016949152542,
          "f1": 0.9661016949152542,
          "tp": 57,
          "fp": 2,
          "fn": 2
        },
        "IncreaseBrightness": {
          "precision": 0.9666666666666667,
          "recall": 0.9830508474576272,
          "f1": 0.9747899159663865,
          "tp": 58,
          "fp": 2,
          "fn": 1
        },
        "SetLightBrightness": {
          "precision": 0.9833333333333333,
          "recall": 1.0,
          "f1": 0.9915966386554621,
          "tp": 59,
          "fp": 1,
          "fn": 0
        },
        "SetLightColor": {
          "precision": 1.0,
          "recall": 1.0,
          "f1": 1.0,
          "tp": 60,
          "fp": 0,
          "fn": 0
        },
        "SwitchLightOff": {
          "precision": 1.0,
          "recall": 0.9333333333333333,
          "f1": 0.9655172413793104,
          "tp": 56,
          "fp": 0,
          "fn": 4
        },
        "SwitchLightOn": {
          "precision": 0.9642857142857143,
          "recall": 0.9642857142857143,
          "f1": 0.9642857142857143,
          "tp": 54,
          "fp": 2,
          "fn": 2
        }
      },
      "slot_micro_p": 0.9908536585365854,
      "slot_micro_r": 0.9848484848484849,
      "slot_micro_f1": 0.9878419452887538,
      "slot_per_intent": {
        "SetLightColor::room": {
          "precision": 1.0,
          "recall": 1.0,
          "f1": 1.0,
          "tp": 32,
          "fp": 0,
          "fn": 0
        },
        "SetLightBrightness::room": {
          "precision": 1.0,
          "recall": 1.0,
          "f1": 1.0,
          "tp": 45,
          "fp": 0,
          "fn": 0
        },
        "SwitchLightOn::room": {
          "precision": 1.0,
          "recall": 0.9714285714285714,
          "f1": 0.9855072463768115,
          "tp": 34,
          "fp": 0,
          "fn": 1
        },
        "IncreaseBrightness::room": {
          "precision": 0.972972972972973,
          "recall": 1.0,
          "f1": 0.9863013698630138,
          "tp": 36,
          "fp": 1,
          "fn": 0
        },
        "DecreaseBrightness::room": {
          "precision": 1.0,
          "recall": 0.9090909090909091,
          "f1": 0.9523809523809523,
          "tp": 30,
          "fp": 0,
          "fn": 3
        },
        "SetLightColor::color": {
          "precision": 1.0,
          "recall": 1.0,
          "f1": 1.0,
          "tp": 60,
          "fp": 0,
          "fn": 0
        },
        "SetLightBrightness::brightness": {
          "precision": 1.0,
          "recall": 1.0,
          "f1": 1.0,
          "tp": 59,
          "fp": 0,
          "fn": 0
        },
        "SwitchLightOff::room": {
          "precision": 0.9354838709677419,
          "recall": 0.9666666666666667,
          "f1": 0.9508196721311476,
          "tp": 29,
          "fp": 2,
          "fn": 1
        }
      }
    },
    {
      "fold": 2,
      "n_train": 1412,
      "n_test": 353,
      "n_eval": 353,
      "train_secs": 4.478353977203369,
      "intent_accuracy": 0.9745042492917847,
      "intent_micro_p": 0.9745042492917847,
      "intent_micro_r": 0.9745042492917847,
      "intent_micro_f1": 0.9745042492917847,
      "intent_per_intent": {
        "DecreaseBrightness": {
          "precision": 0.9365079365079365,
          "recall": 1.0,
          "f1": 0.9672131147540983,
          "tp": 59,
          "fp": 4,
          "fn": 0
        },
        "IncreaseBrightness": {
          "precision": 0.9833333333333333,
          "recall": 1.0,
          "f1": 0.9915966386554621,
          "tp": 59,
          "fp": 1,
          "fn": 0
        },
        "SetLightBrightness": {
          "precision": 0.9833333333333333,
          "recall": 1.0,
          "f1": 0.9915966386554621,
          "tp": 59,
          "fp": 1,
          "fn": 0
        },
        "SetLightColor": {
          "precision": 1.0,
          "recall": 1.0,
          "f1": 1.0,
          "tp": 60,
          "fp": 0,
          "fn": 0
        },
        "SwitchLightOff": {
          "precision": 1.0,
          "recall": 0.85,