{
  "per_ratio": [
    {
      "ratio": 0.0,
      "real_added": 0,
      "synth_used": 1765,
      "n_train": 1765,
      "n_test": 353,
      "test_intent_acc": 0.6628895184135978,
      "train_secs": 480.54969215393066
    },
    {
      "ratio": 0.25,
      "real_added": 353,
      "synth_used": 1765,
      "n_train": 2118,
      "n_test": 353,
      "test_intent_acc": 0.7790368271954674,
      "train_secs": 615.5075924396515
    },
    {
      "ratio": 1.0,
      "real_added": 1412,
      "synth_used": 1765,
      "n_train": 3177,
      "n_test": 353,
      "test_intent_acc": 0.8696883852691218,
      "train_secs": 911.5668358802795
    }
  ],
  "config": {
    "epochs": 10,
    "lr": 0.0001,
    "seed": 42,
    "backbone": "tiny.en",
    "n_synth": 1765,
    "n_real_train": 1412,
    "n_real_test": 353
  },
  "real_only_baseline": {
    "ratio": "real_only",
    "real_added": 1412,
    "synth_used": 0,
    "n_train": 1412,
    "n_test": 353,
    "test_intent_acc": 0.8753541076487252,
    "train_secs": 427.1102044582367
  }
}