{
  "real": {
    "snipsnlu": {
      "intent_acc": [
        0.9671219891858798,
        0.007166692094224477
      ],
      "intent_micro_f1": [
        0.9684955841961695,
        0.007705192759185796
      ],
      "slot_f1": [
        0.975085849718238,
        0.0081067037239536
      ],
      "intent_per_intent_mean": {
        "DecreaseBrightness": {
          "precision": {
            "mean": 0.9421706718043514,
            "std": 0.028937014667052778
          },
          "recall": {
            "mean": 0.9830508474576272,
            "std": 0.021439170577412736
          },
          "f1": {
            "mean": 0.962032153100379,
            "std": 0.02288392028233465
          }
        },
        "IncreaseBrightness": {
          "precision": {
            "mean": 0.9560531965950138,
            "std": 0.019752949237411648
          },
          "recall": {
            "mean": 0.9527118644067797,
            "std": 0.03617919587699862
          },
          "f1": {
            "mean": 0.9541126532372889,
            "std": 0.02468060095797917
          }
        },
        "SetLightBrightness": {
          "precision": {
            "mean": 0.9832183908045977,
            "std": 0.010543431995833217
          },
          "recall": {
            "mean": 0.9831638418079096,
            "std": 0.01503461909919087
          },
          "f1": {
            "mean": 0.9830786030187825,
            "std": 0.007613788670618155
          }
        },
        "SetLightColor": {
          "precision": {
            "mean": 1.0,
            "std": 0.0
          },
          "recall": {
            "mean": 1.0,
            "std": 0.0
          },
          "f1": {
            "mean": 1.0,
            "std": 0.0
          }
        },
        "SwitchLightOff": {
          "precision": {
            "mean": 0.9964285714285714,
            "std": 0.007142857142857162
          },
          "recall": {
            "mean": 0.9097175141242938,
            "std": 0.03085625172137246
          },
          "f1": {
            "mean": 0.9507962952271771,
            "std": 0.01720751771610278
          }
        },
        "SwitchLightOn": {
          "precision": {
            "mean": 0.9442726483069157,
            "std": 0.01716642274618971
          },
          "recall": {
            "mean": 0.9748051948051948,
            "std": 0.02169025576480185
          },
          "f1": {
            "mean": 0.9591947452316825,
            "std": 0.01670589692838846
          }
        }
      },
      "n_per_fold_train": 1409,
      "n_per_fold_test": 356
    },
    "jointbert": {
      "intent_acc": [
        0.9864022662889519,
        0.004873838678211126
      ],
      "slot_f1": [
        0.9354928096034391,
        0.024068292471779353
      ],
      "n_per_fold_train": 1271,
      "n_per_fold_test": 353
    },
    "whisper": {
      "intent_acc": [
        0.8804532577903683,
        0.012072110908024083
      ],
      "n_per_fold_train": 1412,
      "n_per_fold_test": 353
    }
  },
  "synth": {
    "snipsnlu": {
      "intent_acc": [
        0.9807163486478396,
        0.006944669058315218
      ],
      "intent_micro_f1": [
        0.9807163486478396,
        0.006944669058315218
      ],
      "slot_f1": [
        0.9853436198954858,
        0.005350181947950728
      ],
      "intent_per_intent_mean": {
        "DecreaseBrightness": {
          "precision": {
            "mean": 0.9305907423927049,
            "std": 0.026317122509687232
          },
          "recall": {
            "mean": 1.0,
            "std": 0.0
          },
          "f1": {
            "mean": 0.9638542703438197,
            "std": 0.014187779336390965
          }
        },
        "IncreaseBrightness": {
          "precision": {
            "mean": 0.9639784946236559,
            "std": 0.04432142762478485
          },
          "recall": {
            "mean": 1.0,
            "std": 0.0
          },
          "f1": {
            "mean": 0.9811348563006632,
            "std": 0.023222208686515873
          }
        },
        "SetLightBrightness": {
          "precision": {
            "mean": 1.0,
            "std": 0.0
          },
          "recall": {
            "mean": 1.0,
            "std": 0.0
          },
          "f1": {
            "mean": 1.0,
            "std": 0.0
          }
        },
        "SetLightColor": {
          "precision": {
            "mean": 1.0,
            "std": 0.0
          },
          "recall": {
            "mean": 0.8865288220551378,
            "std": 0.040968724402505756
          },
          "f1": {
            "mean": 0.9393513643046354,
            "std": 0.023053082098165433
          }
        },
        "SwitchLightOff": {
          "precision": {
            "mean": 1.0,
            "std": 0.0
          },
          "recall": {
            "mean": 1.0,
            "std": 0.0
          },
          "f1": {
            "mean": 1.0,
            "std": 0.0
          }
        },
        "SwitchLightOn": {
          "precision": {
            "mean": 1.0,
            "std": 0.0
          },
          "recall": {
            "mean": 1.0,
            "std": 0.0
          },
          "f1": {
            "mean": 1.0,
            "std": 0.0
          }
        }
      },
      "n_per_fold_train": 1323,
      "n_per_fold_test": 335
    },
    "jointbert": {
      "intent_acc": [
        1.0,
        0.0
      ],
      "slot_f1": [
        0.8703615226550012,
        0.01585397300823292
      ],
      "n_per_fold_train": 1271,
      "n_per_fold_test": 353
    },
    "whisper": {
      "intent_acc": [
        0.985505769300768,
        0.023043242700907716
      ],
      "n_per_fold_train": 1326,
      "n_per_fold_test": 332
    },
    "whisper_note": "downsampled to 1660"
  }
}