{
  "per_ratio": [
    {
      "ratio": 0.0,
      "real_added": 0,
      "synth_used": 1805,
      "n_train": 1805,
      "n_test": 353,
      "intent_accuracy": 0.8696883852691218,
      "slot_micro_f1": 0.8514851485148515,
      "slot_micro_p": 0.9520295202952029,
      "slot_micro_r": 0.7701492537313432,
      "train_secs": 10.858070373535156,
      "eval_secs": 1.9323499202728271
    }
  ],
  "config": {
    "seed": 42,
    "ratios": [
      0.0
    ],
    "real_dataset": "data/snips_real_close/dataset.json",
    "synth_dataset": "data/snips_family_ablation/first_person/dataset.json",
    "n_real_train": 1412,
    "n_real_test": 353,
    "n_synth": 1805
  }
}