{
  "per_ratio": [
    {
      "ratio": 0.0,
      "real_added": 0,
      "synth_used": 1817,
      "n_train": 1817,
      "n_test": 353,
      "intent_accuracy": 0.8668555240793201,
      "slot_micro_f1": 0.8566721581548599,
      "slot_micro_p": 0.9558823529411765,
      "slot_micro_r": 0.7761194029850746,
      "train_secs": 10.1817045211792,
      "eval_secs": 1.5221986770629883
    }
  ],
  "config": {
    "seed": 42,
    "ratios": [
      0.0
    ],
    "real_dataset": "data/snips_real_close/dataset.json",
    "synth_dataset": "data/snips_family_ablation/explanatory/dataset.json",
    "n_real_train": 1412,
    "n_real_test": 353,
    "n_synth": 1817
  }
}