{
  "per_ratio": [
    {
      "ratio": 0.0,
      "real_added": 0,
      "synth_used": 1817,
      "n_train": 1817,
      "n_test": 353,
      "intent_accuracy": 0.8555240793201133,
      "slot_micro_f1": 0.8455284552845529,
      "slot_micro_p": 0.9285714285714286,
      "slot_micro_r": 0.7761194029850746,
      "train_secs": 11.576333999633789,
      "eval_secs": 1.6797704696655273
    }
  ],
  "config": {
    "seed": 42,
    "ratios": [
      0.0
    ],
    "real_dataset": "data/snips_real_close/dataset.json",
    "synth_dataset": "data/snips_family_ablation/colloquial/dataset.json",
    "n_real_train": 1412,
    "n_real_test": 353,
    "n_synth": 1817
  }
}