{
  "n_sampled_real": 200,
  "n_sampled_synth": 200,
  "real": {
    "sr": {
      "median": 8000.0,
      "p10": 8000.0,
      "p90": 8000.0,
      "n": 200
    },
    "duration": {
      "median": 4.048,
      "p10": 2.548,
      "p90": 5.145999999999997,
      "n": 200
    },
    "rms": {
      "median": 0.0734022706747055,
      "p10": 0.03503586277365685,
      "p90": 0.11604693010449409,
      "n": 200
    },
    "noise_floor_rms": {
      "median": 0.00014449217269429937,
      "p10": 9.999999974752427e-07,
      "p90": 0.00037238289660308506,
      "n": 200
    },
    "speech_rms": {
      "median": 0.13415946066379547,
      "p10": 0.05793131105601788,
      "p90": 0.20604224801063536,
      "n": 200
    },
    "snr_db": {
      "median": 59.0948838982027,
      "p10": 46.38865759496795,
      "p90": 96.33891655167118,
      "n": 200
    },
    "spectral_centroid_hz": {
      "median": 1123.4146979257712,
      "p10": 843.78958409259,
      "p90": 1584.312092527398,
      "n": 200
    },
    "band_energy_lt_300hz": {
      "median": 0.13507591058327462,
      "p10": 0.019351001419057316,
      "p90": 0.5528657504116046,
      "n": 200
    },
    "band_energy_300_3400hz": {
      "median": 0.8571272459724246,
      "p10": 0.441031503101997,
      "p90": 0.977066496312401,
      "n": 200
    },
    "band_energy_gt_3400hz": {
      "median": 0.00048303242767532006,
      "p10": 6.305036233310086e-05,
      "p90": 0.01462727055502414,
      "n": 200
    },
    "crest_db": {
      "median": 18.743141120219292,
      "p10": 16.867099556589945,
      "p90": 21.048491288570997,
      "n": 200
    },
    "peak": {
      "median": 0.7303466796875,
      "p10": 0.3006591796875,
      "p90": 0.9490966796875,
      "n": 200
    },
    "sr_distribution": {
      "8000": 200
    },
    "channels_distribution": {
      "1": 200
    },
    "bit_depth_distribution": {
      "PCM_16": 200
    }
  },
  "synth": {
    "sr": {
      "median": 8000.0,
      "p10": 8000.0,
      "p90": 8000.0,
      "n": 200
    },
    "duration": {
      "median": 6.304,
      "p10": 2.816,
      "p90": 11.1136375,
      "n": 200
    },
    "rms": {
      "median": 0.0770549364387989,
      "p10": 0.07535362839698792,
      "p90": 0.07707741558551788,
      "n": 200
    },
    "noise_floor_rms": {
      "median": 0.0002990458160638809,
      "p10": 1.4983905202825554e-05,
      "p90": 0.004801613185554741,
      "n": 200
    },
    "speech_rms": {
      "median": 0.12954363971948624,
      "p10": 0.1149754635989666,
      "p90": 0.14539008140563964,
      "n": 200
    },
    "snr_db": {
      "median": 53.30150495723446,
      "p10": 28.300208408165247,
      "p90": 79.24354416121223,
      "n": 200
    },
    "spectral_centroid_hz": {
      "median": 1116.6389646497585,
      "p10": 896.1834759239276,
      "p90": 1652.7556667201263,
      "n": 200
    },
    "band_energy_lt_300hz": {
      "median": 0.030476763786579507,
      "p10": 0.003659107716391698,
      "p90": 0.31227843484737683,
      "n": 200
    },
    "band_energy_300_3400hz": {
      "median": 0.9685624638187271,
      "p10": 0.6294575554032202,
      "p90": 0.9952135935062404,
      "n": 200
    },
    "band_energy_gt_3400hz": {
      "median": 0.0001246819197628405,
      "p10": 4.428611634824655e-05,
      "p90": 0.04531497903647048,
      "n": 200
    },
    "crest_db": {
      "median": 16.957343644257527,
      "p10": 14.853369577325836,
      "p90": 18.758926236538557,
      "n": 200
    },
    "peak": {
      "median": 0.5428466796875,
      "p10": 0.4256591796875,
      "p90": 0.6678466796875,
      "n": 200
    },
    "sr_distribution": {
      "8000": 200
    },
    "channels_distribution": {
      "1": 200
    },
    "bit_depth_distribution": {
      "PCM_16": 200
    }
  }
}