{
  "n_sampled_real": 22,
  "n_sampled_synth": 22,
  "real": {
    "sr": {
      "median": 8000.0,
      "p10": 8000.0,
      "p90": 8000.0,
      "n": 22
    },
    "duration": {
      "median": 4.048,
      "p10": 2.598,
      "p90": 4.596,
      "n": 22
    },
    "rms": {
      "median": 0.07788382843136787,
      "p10": 0.04439610354602337,
      "p90": 0.11221740096807481,
      "n": 22
    },
    "noise_floor_rms": {
      "median": 0.0001514617761131376,
      "p10": 6.563400238519534e-05,
      "p90": 0.00028835762932430956,
      "n": 22
    },
    "speech_rms": {
      "median": 0.14916304498910904,
      "p10": 0.06848794743418694,
      "p90": 0.18960852175951004,
      "n": 22
    },
    "snr_db": {
      "median": 57.228253096074724,
      "p10": 50.16066295104872,
      "p90": 67.30547942018462,
      "n": 22
    },
    "spectral_centroid_hz": {
      "median": 1293.8376084484573,
      "p10": 960.4897190234262,
      "p90": 1676.9781229639423,
      "n": 22
    },
    "band_energy_lt_300hz": {
      "median": 0.17733792109779511,
      "p10": 0.01724650701058981,
      "p90": 0.4310032103211388,
      "n": 22
    },
    "band_energy_300_3400hz": {
      "median": 0.8044793098296972,
      "p10": 0.5688480078321673,
      "p90": 0.9822933597087123,
      "n": 22
    },
    "band_energy_gt_3400hz": {
      "median": 0.003126545501333182,
      "p10": 0.00010508544895581038,
      "p90": 0.06949642569331438,
      "n": 22
    },
    "crest_db": {
      "median": 18.76710557179632,
      "p10": 17.940333249384263,
      "p90": 20.997013618781043,
      "n": 22
    },
    "peak": {
      "median": 0.7459716796875,
      "p10": 0.4444091796875,
      "p90": 0.9147216796875001,
      "n": 22
    },
    "sr_distribution": {
      "8000": 22
    },
    "channels_distribution": {
      "1": 22
    },
    "bit_depth_distribution": {
      "PCM_16": 22
    }
  },
  "synth": {
    "sr": {
      "median": 8000.0,
      "p10": 8000.0,
      "p90": 8000.0,
      "n": 22
    },
    "duration": {
      "median": 4.453375,
      "p10": 1.8069375,
      "p90": 7.206400000000001,
      "n": 22
    },
    "rms": {
      "median": 0.07705532386898994,
      "p10": 0.07703997567296028,
      "p90": 0.07707184329628944,
      "n": 22
    },
    "noise_floor_rms": {
      "median": 4.5969080019858666e-05,
      "p10": 1.7292288248427212e-05,
      "p90": 0.00028879786841571334,
      "n": 22
    },
    "speech_rms": {
      "median": 0.1310880184173584,
      "p10": 0.12249689325690269,
      "p90": 0.14542135298252107,
      "n": 22
    },
    "snr_db": {
      "median": 69.43300840245729,
      "p10": 53.1353301445956,
      "p90": 77.78405844836044,
      "n": 22
    },
    "spectral_centroid_hz": {
      "median": 1164.6960723594116,
      "p10": 886.5692885065349,
      "p90": 1701.8150000335804,
      "n": 22
    },
    "band_energy_lt_300hz": {
      "median": 0.07087729653166788,
      "p10": 0.01349850063411442,
      "p90": 0.3739111833046231,
      "n": 22
    },
    "band_energy_300_3400hz": {
      "median": 0.9290629664555092,
      "p10": 0.5527247232316527,
      "p90": 0.9861843756275798,
      "n": 22
    },
    "band_energy_gt_3400hz": {
      "median": 0.0005678167010800917,
      "p10": 6.989943169252471e-05,
      "p90": 0.07470501884447316,
      "n": 22
    },
    "crest_db": {
      "median": 16.699906666184553,
      "p10": 14.877368064753338,
      "p90": 18.370398416932133,
      "n": 22
    },
    "peak": {
      "median": 0.5272216796875,
      "p10": 0.4272216796875,
      "p90": 0.6365966796875,
      "n": 22
    },
    "sr_distribution": {
      "8000": 22
    },
    "channels_distribution": {
      "1": 22
    },
    "bit_depth_distribution": {
      "PCM_16": 22
    }
  }
}