{
  "n_sampled_real": 20,
  "n_sampled_synth": 20,
  "real": {
    "sr": {
      "median": 8000.0,
      "p10": 8000.0,
      "p90": 8000.0,
      "n": 20
    },
    "duration": {
      "median": 4.048,
      "p10": 2.548,
      "p90": 4.6960000000000015,
      "n": 20
    },
    "rms": {
      "median": 0.07607296481728554,
      "p10": 0.042826474457979206,
      "p90": 0.11328722164034843,
      "n": 20
    },
    "noise_floor_rms": {
      "median": 0.00012677624908974394,
      "p10": 6.403544830391183e-05,
      "p90": 0.0003131547477096323,
      "n": 20
    },
    "speech_rms": {
      "median": 0.14381754398345947,
      "p10": 0.06560955867171288,
      "p90": 0.19053903222084045,
      "n": 20
    },
    "snr_db": {
      "median": 57.228253096074724,
      "p10": 48.76156262340362,
      "p90": 67.51209215613288,
      "n": 20
    },
    "spectral_centroid_hz": {
      "median": 1273.899728660466,
      "p10": 956.1031898873788,
      "p90": 1686.6151530290765,
      "n": 20
    },
    "band_energy_lt_300hz": {
      "median": 0.20702933545907382,
      "p10": 0.03275401965874731,
      "p90": 0.4517986776395203,
      "n": 20
    },
    "band_energy_300_3400hz": {
      "median": 0.78429657302921,
      "p10": 0.5460299096745923,
      "p90": 0.9670391365256299,
      "n": 20
    },
    "band_energy_gt_3400hz": {
      "median": 0.0032591113918790096,
      "p10": 0.00010002175649246803,
      "p90": 0.07260021849104334,
      "n": 20
    },
    "crest_db": {
      "median": 18.76710557179632,
      "p10": 17.858416258183144,
      "p90": 21.042527678771066,
      "n": 20
    },
    "peak": {
      "median": 0.7147216796875,
      "p10": 0.4303466796875,
      "p90": 0.9240966796875001,
      "n": 20
    },
    "sr_distribution": {
      "8000": 20
    },
    "channels_distribution": {
      "1": 20
    },
    "bit_depth_distribution": {
      "PCM_16": 20
    }
  },
  "synth": {
    "sr": {
      "median": 8000.0,
      "p10": 8000.0,
      "p90": 8000.0,
      "n": 20
    },
    "duration": {
      "median": 2.18275,
      "p10": 1.8205625,
      "p90": 2.9455,
      "n": 20
    },
    "rms": {
      "median": 0.07704050838947296,
      "p10": 0.06916260048747062,
      "p90": 0.07708942368626595,
      "n": 20
    },
    "noise_floor_rms": {
      "median": 0.007238497259095311,
      "p10": 0.001243710576090962,
      "p90": 0.013440555334091189,
      "n": 20
    },
    "speech_rms": {
      "median": 0.1245870515704155,
      "p10": 0.10902563780546189,
      "p90": 0.13993857204914092,
      "n": 20
    },
    "snr_db": {
      "median": 23.769854137836575,
      "p10": 19.597366594693455,
      "p90": 40.27653384032894,
      "n": 20
    },
    "spectral_centroid_hz": {
      "median": 1099.163332669101,
      "p10": 849.0715745004912,
      "p90": 1280.5513299151376,
      "n": 20
    },
    "band_energy_lt_300hz": {
      "median": 0.18903075906695713,
      "p10": 0.052029524598855965,
      "p90": 0.46802325751215107,
      "n": 20
    },
    "band_energy_300_3400hz": {
      "median": 0.8107626116076887,
      "p10": 0.5308802886248177,
      "p90": 0.9456125204925362,
      "n": 20
    },
    "band_energy_gt_3400hz": {
      "median": 0.0009323634724167956,
      "p10": 0.00016919616809761505,
      "p90": 0.0024731937357321647,
      "n": 20
    },
    "crest_db": {
      "median": 17.445427013557854,
      "p10": 15.39582057067723,
      "p90": 18.424388592886924,
      "n": 20
    },
    "peak": {
      "median": 0.5740966796875,
      "p10": 0.4537841796875,
      "p90": 0.6365966796875,
      "n": 20
    },
    "sr_distribution": {
      "8000": 20
    },
    "channels_distribution": {
      "1": 20
    },
    "bit_depth_distribution": {
      "PCM_16": 20
    }
  }
}