{
  "n_sampled_real": 20,
  "n_sampled_synth": 20,
  "real": {
    "sr": {
      "median": 8000.0,
      "p10": 8000.0,
      "p90": 8000.0,
      "n": 20
    },
    "duration": {
      "median": 4.048,
      "p10": 2.548,
      "p90": 4.6960000000000015,
      "n": 20
    },
    "rms": {
      "median": 0.07607296481728554,
      "p10": 0.042826474457979206,
      "p90": 0.11328722164034843,
      "n": 20
    },
    "noise_floor_rms": {
      "median": 0.00012677624908974394,
      "p10": 6.403544830391183e-05,
      "p90": 0.0003131547477096323,
      "n": 20
    },
    "speech_rms": {
      "median": 0.14381754398345947,
      "p10": 0.06560955867171288,
      "p90": 0.19053903222084045,
      "n": 20
    },
    "snr_db": {
      "median": 57.228253096074724,
      "p10": 48.76156262340362,
      "p90": 67.51209215613288,
      "n": 20
    },
    "spectral_centroid_hz": {
      "median": 1273.899728660466,
      "p10": 956.1031898873788,
      "p90": 1686.6151530290765,
      "n": 20
    },
    "band_energy_lt_300hz": {
      "median": 0.20702933545907382,
      "p10": 0.03275401965874731,
      "p90": 0.4517986776395203,
      "n": 20
    },
    "band_energy_300_3400hz": {
      "median": 0.78429657302921,
      "p10": 0.5460299096745923,
      "p90": 0.9670391365256299,
      "n": 20
    },
    "band_energy_gt_3400hz": {
      "median": 0.0032591113918790096,
      "p10": 0.00010002175649246803,
      "p90": 0.07260021849104334,
      "n": 20
    },
    "crest_db": {
      "median": 18.76710557179632,
      "p10": 17.858416258183144,
      "p90": 21.042527678771066,
      "n": 20
    },
    "peak": {
      "median": 0.7147216796875,
      "p10": 0.4303466796875,
      "p90": 0.9240966796875001,
      "n": 20
    },
    "sr_distribution": {
      "8000": 20
    },
    "channels_distribution": {
      "1": 20
    },
    "bit_depth_distribution": {
      "PCM_16": 20
    }
  },
  "synth": {
    "sr": {
      "median": 8000.0,
      "p10": 8000.0,
      "p90": 8000.0,
      "n": 20
    },
    "duration": {
      "median": 2.113125,
      "p10": 1.7554875,
      "p90": 2.6598875000000004,
      "n": 20
    },
    "rms": {
      "median": 0.1400015503168106,
      "p10": 0.1383177474141121,
      "p90": 0.140111568570137,
      "n": 20
    },
    "noise_floor_rms": {
      "median": 0.011361985467374325,
      "p10": 0.0015414291410706937,
      "p90": 0.025195571035146715,
      "n": 20
    },
    "speech_rms": {
      "median": 0.23490264266729355,
      "p10": 0.21922678798437117,
      "p90": 0.2673264145851136,
      "n": 20
    },
    "snr_db": {
      "median": 26.155250311149743,
      "p10": 19.8064973153448,
      "p90": 43.83084463167372,
      "n": 20
    },
    "spectral_centroid_hz": {
      "median": 971.5284882029762,
      "p10": 837.1452125289035,
      "p90": 1288.222189586218,
      "n": 20
    },
    "band_energy_lt_300hz": {
      "median": 0.1629381514542039,
      "p10": 0.03723649883874737,
      "p90": 0.6542101880562813,
      "n": 20
    },
    "band_energy_300_3400hz": {
      "median": 0.8366654489141687,
      "p10": 0.3454216979039066,
      "p90": 0.9025632489710921,
      "n": 20
    },
    "band_energy_gt_3400hz": {
      "median": 0.00030652981352766715,
      "p10": 0.00011467772693318403,
      "p90": 0.0070312268398173405,
      "n": 20
    },
    "crest_db": {
      "median": 16.904936804676986,
      "p10": 15.287871000447659,
      "p90": 17.010068704358744,
      "n": 20
    },
    "peak": {
      "median": 0.9803466796875,
      "p10": 0.8147216796875,
      "p90": 0.9803466796875,
      "n": 20
    },
    "sr_distribution": {
      "8000": 20
    },
    "channels_distribution": {
      "1": 20
    },
    "bit_depth_distribution": {
      "PCM_16": 20
    }
  }
}