{
  "n_sampled_real": 200,
  "n_sampled_synth": 200,
  "real": {
    "sr": {
      "median": 8000.0,
      "p10": 8000.0,
      "p90": 8000.0,
      "n": 200
    },
    "duration": {
      "median": 4.048,
      "p10": 2.548,
      "p90": 5.145999999999997,
      "n": 200
    },
    "rms": {
      "median": 0.0734022706747055,
      "p10": 0.03503586277365685,
      "p90": 0.11604693010449409,
      "n": 200
    },
    "noise_floor_rms": {
      "median": 0.00014449217269429937,
      "p10": 9.999999974752427e-07,
      "p90": 0.00037238289660308506,
      "n": 200
    },
    "speech_rms": {
      "median": 0.13415946066379547,
      "p10": 0.05793131105601788,
      "p90": 0.20604224801063536,
      "n": 200
    },
    "snr_db": {
      "median": 59.0948838982027,
      "p10": 46.38865759496795,
      "p90": 96.33891655167118,
      "n": 200
    },
    "spectral_centroid_hz": {
      "median": 1123.4146979257712,
      "p10": 843.78958409259,
      "p90": 1584.312092527398,
      "n": 200
    },
    "band_energy_lt_300hz": {
      "median": 0.13507591058327462,
      "p10": 0.019351001419057316,
      "p90": 0.5528657504116046,
      "n": 200
    },
    "band_energy_300_3400hz": {
      "median": 0.8571272459724246,
      "p10": 0.441031503101997,
      "p90": 0.977066496312401,
      "n": 200
    },
    "band_energy_gt_3400hz": {
      "median": 0.00048303242767532006,
      "p10": 6.305036233310086e-05,
      "p90": 0.01462727055502414,
      "n": 200
    },
    "crest_db": {
      "median": 18.743141120219292,
      "p10": 16.867099556589945,
      "p90": 21.048491288570997,
      "n": 200
    },
    "peak": {
      "median": 0.7303466796875,
      "p10": 0.3006591796875,
      "p90": 0.9490966796875,
      "n": 200
    },
    "sr_distribution": {
      "8000": 200
    },
    "channels_distribution": {
      "1": 200
    },
    "bit_depth_distribution": {
      "PCM_16": 200
    }
  },
  "synth": {
    "sr": {
      "median": 8000.0,
      "p10": 8000.0,
      "p90": 8000.0,
      "n": 200
    },
    "duration": {
      "median": 3.4191874999999996,
      "p10": 2.665725,
      "p90": 4.4420874999999995,
      "n": 200
    },
    "rms": {
      "median": 0.07704978436231613,
      "p10": 0.06896634250879288,
      "p90": 0.07708196863532066,
      "n": 200
    },
    "noise_floor_rms": {
      "median": 0.006482669617980719,
      "p10": 0.0018547760089859366,
      "p90": 0.013942920975387095,
      "n": 200
    },
    "speech_rms": {
      "median": 0.12407265976071358,
      "p10": 0.1086856909096241,
      "p90": 0.13674208372831345,
      "n": 200
    },
    "snr_db": {
      "median": 25.411269006395152,
      "p10": 18.796450756802777,
      "p90": 36.526049397446656,
      "n": 200
    },
    "spectral_centroid_hz": {
      "median": 1037.8220464441035,
      "p10": 847.9722321658086,
      "p90": 1326.8558493270757,
      "n": 200
    },
    "band_energy_lt_300hz": {
      "median": 0.1760761538361644,
      "p10": 0.04231692133506876,
      "p90": 0.4626484793786662,
      "n": 200
    },
    "band_energy_300_3400hz": {
      "median": 0.8224815997079133,
      "p10": 0.5371163662351472,
      "p90": 0.9558250907842726,
      "n": 200
    },
    "band_energy_gt_3400hz": {
      "median": 0.0005218567374929814,
      "p10": 0.0001312989844470308,
      "p90": 0.005932841007195266,
      "n": 200
    },
    "crest_db": {
      "median": 17.902648330240062,
      "p10": 16.033637073496802,
      "p90": 19.15771116667406,
      "n": 200
    },
    "peak": {
      "median": 0.5740966796875,
      "p10": 0.4881591796875,
      "p90": 0.6990966796875,
      "n": 200
    },
    "sr_distribution": {
      "8000": 200
    },
    "channels_distribution": {
      "1": 200
    },
    "bit_depth_distribution": {
      "PCM_16": 200
    }
  }
}