{
  "n_sampled_real": 200,
  "n_sampled_synth": 200,
  "real": {
    "sr": {
      "median": 8000.0,
      "p10": 8000.0,
      "p90": 8000.0,
      "n": 200
    },
    "duration": {
      "median": 4.048,
      "p10": 2.548,
      "p90": 5.145999999999997,
      "n": 200
    },
    "rms": {
      "median": 0.0734022706747055,
      "p10": 0.03503586277365685,
      "p90": 0.11604693010449409,
      "n": 200
    },
    "noise_floor_rms": {
      "median": 0.00014449217269429937,
      "p10": 9.999999974752427e-07,
      "p90": 0.00037238289660308506,
      "n": 200
    },
    "speech_rms": {
      "median": 0.13415946066379547,
      "p10": 0.05793131105601788,
      "p90": 0.20604224801063536,
      "n": 200
    },
    "snr_db": {
      "median": 59.0948838982027,
      "p10": 46.38865759496795,
      "p90": 96.33891655167118,
      "n": 200
    },
    "spectral_centroid_hz": {
      "median": 1123.4146979257712,
      "p10": 843.78958409259,
      "p90": 1584.312092527398,
      "n": 200
    },
    "band_energy_lt_300hz": {
      "median": 0.13507591058327462,
      "p10": 0.019351001419057316,
      "p90": 0.5528657504116046,
      "n": 200
    },
    "band_energy_300_3400hz": {
      "median": 0.8571272459724246,
      "p10": 0.441031503101997,
      "p90": 0.977066496312401,
      "n": 200
    },
    "band_energy_gt_3400hz": {
      "median": 0.00048303242767532006,
      "p10": 6.305036233310086e-05,
      "p90": 0.01462727055502414,
      "n": 200
    },
    "crest_db": {
      "median": 18.743141120219292,
      "p10": 16.867099556589945,
      "p90": 21.048491288570997,
      "n": 200
    },
    "peak": {
      "median": 0.7303466796875,
      "p10": 0.3006591796875,
      "p90": 0.9490966796875,
      "n": 200
    },
    "sr_distribution": {
      "8000": 200
    },
    "channels_distribution": {
      "1": 200
    },
    "bit_depth_distribution": {
      "PCM_16": 200
    }
  },
  "synth": {
    "sr": {
      "median": 8000.0,
      "p10": 8000.0,
      "p90": 8000.0,
      "n": 200
    },
    "duration": {
      "median": 7.925375,
      "p10": 4.23155,
      "p90": 18.479975,
      "n": 200
    },
    "rms": {
      "median": 0.07705633342266083,
      "p10": 0.07133253663778305,
      "p90": 0.07707034796476364,
      "n": 200
    },
    "noise_floor_rms": {
      "median": 0.000714939902536571,
      "p10": 1.8803726561600342e-05,
      "p90": 0.005447419779375195,
      "n": 200
    },
    "speech_rms": {
      "median": 0.1248365081846714,
      "p10": 0.11332953870296478,
      "p90": 0.1383923828601837,
      "n": 200
    },
    "snr_db": {
      "median": 45.108355996410914,
      "p10": 26.572577192691423,
      "p90": 76.69558586798266,
      "n": 200
    },
    "spectral_centroid_hz": {
      "median": 1134.2526987326387,
      "p10": 828.6461096988404,
      "p90": 1721.5056508593666,
      "n": 200
    },
    "band_energy_lt_300hz": {
      "median": 0.05691364158530643,
      "p10": 0.003824520420089817,
      "p90": 0.29009651672233416,
      "n": 200
    },
    "band_energy_300_3400hz": {
      "median": 0.9409983112198952,
      "p10": 0.6578689201125035,
      "p90": 0.9958739737624864,
      "n": 200
    },
    "band_energy_gt_3400hz": {
      "median": 0.00016624299672813263,
      "p10": 4.1194501490241355e-05,
      "p90": 0.06853220327517408,
      "n": 200
    },
    "crest_db": {
      "median": 16.95524893481623,
      "p10": 14.52406526224101,
      "p90": 18.757697324491335,
      "n": 200
    },
    "peak": {
      "median": 0.5428466796875,
      "p10": 0.4100341796875,
      "p90": 0.6678466796875,
      "n": 200
    },
    "sr_distribution": {
      "8000": 200
    },
    "channels_distribution": {
      "1": 200
    },
    "bit_depth_distribution": {
      "PCM_16": 200
    }
  }
}