{
  "n_sampled_real": 10,
  "n_sampled_synth": 10,
  "real": {
    "sr": {
      "median": 8000.0,
      "p10": 8000.0,
      "p90": 8000.0,
      "n": 10
    },
    "duration": {
      "median": 3.798,
      "p10": 2.4432,
      "p90": 4.696,
      "n": 10
    },
    "rms": {
      "median": 0.0605137012898922,
      "p10": 0.029533923603594303,
      "p90": 0.08504720851778982,
      "n": 10
    },
    "noise_floor_rms": {
      "median": 0.00015690127474954352,
      "p10": 6.403544830391183e-05,
      "p90": 0.0007650353538338087,
      "n": 10
    },
    "speech_rms": {
      "median": 0.11706080660223961,
      "p10": 0.051979470252990725,
      "p90": 0.15758162289857863,
      "n": 10
    },
    "snr_db": {
      "median": 56.03856746863573,
      "p10": 38.01295653359555,
      "p90": 66.48485795035815,
      "n": 10
    },
    "spectral_centroid_hz": {
      "median": 1361.2066886275097,
      "p10": 915.1777953993608,
      "p90": 1708.4898210834838,
      "n": 10
    },
    "band_energy_lt_300hz": {
      "median": 0.08842152589807453,
      "p10": 0.009656283787699999,
      "p90": 0.4713899886262332,
      "n": 10
    },
    "band_energy_300_3400hz": {
      "median": 0.8986155630674331,
      "p10": 0.5140411449071819,
      "p90": 0.9896347803378092,
      "n": 10
    },
    "band_energy_gt_3400hz": {
      "median": 0.009070673789966363,
      "p10": 9.918501495036498e-05,
      "p90": 0.053224104101010694,
      "n": 10
    },
    "crest_db": {
      "median": 19.27663407659817,
      "p10": 18.326951414707604,
      "p90": 21.081908203800793,
      "n": 10
    },
    "peak": {
      "median": 0.5740966796875,
      "p10": 0.3102294921875,
      "p90": 0.7834716796874999,
      "n": 10
    },
    "sr_distribution": {
      "8000": 10
    },
    "channels_distribution": {
      "1": 10
    },
    "bit_depth_distribution": {
      "PCM_16": 10
    }
  },
  "synth": {
    "sr": {
      "median": 8000.0,
      "p10": 8000.0,
      "p90": 8000.0,
      "n": 10
    },
    "duration": {
      "median": 1.956375,
      "p10": 1.792675,
      "p90": 2.8839625,
      "n": 10
    },
    "rms": {
      "median": 0.10885198041796684,
      "p10": 0.07788565531373023,
      "p90": 0.1404888466000557,
      "n": 10
    },
    "noise_floor_rms": {
      "median": 0.010521985590457916,
      "p10": 0.0026259121252223848,
      "p90": 0.020010783895850183,
      "n": 10
    },
    "speech_rms": {
      "median": 0.1780596300959587,
      "p10": 0.13316917568445205,
      "p90": 0.24362867325544357,
      "n": 10
    },
    "snr_db": {
      "median": 25.467986366165157,
      "p10": 20.03735347310326,
      "p90": 36.37371856502089,
      "n": 10
    },
    "spectral_centroid_hz": {
      "median": 965.8583098235399,
      "p10": 849.975615830343,
      "p90": 1143.6494882568986,
      "n": 10
    },
    "band_energy_lt_300hz": {
      "median": 0.24766477074891705,
      "p10": 0.11017900527062213,
      "p90": 0.5819329554562962,
      "n": 10
    },
    "band_energy_300_3400hz": {
      "median": 0.7494886759434103,
      "p10": 0.41770020136105906,
      "p90": 0.8894439071031451,
      "n": 10
    },
    "band_energy_gt_3400hz": {
      "median": 0.00024926537294625616,
      "p10": 0.0001216342554789309,
      "p90": 0.004931738048840327,
      "n": 10
    },
    "crest_db": {
      "median": 16.63595361151197,
      "p10": 15.788494801278969,
      "p90": 19.874722190261483,
      "n": 10
    },
    "peak": {
      "median": 0.8084716796875,
      "p10": 0.5740966796875,
      "p90": 0.9522216796875,
      "n": 10
    },
    "sr_distribution": {
      "8000": 10
    },
    "channels_distribution": {
      "1": 10
    },
    "bit_depth_distribution": {
      "PCM_16": 10
    }
  }
}