{
  "n_sampled_real": 100,
  "n_sampled_synth": 100,
  "real": {
    "sr": {
      "median": 8000.0,
      "p10": 8000.0,
      "p90": 8000.0,
      "n": 100
    },
    "duration": {
      "median": 4.048,
      "p10": 2.998,
      "p90": 5.596,
      "n": 100
    },
    "rms": {
      "median": 0.07728777453303337,
      "p10": 0.03944612070918083,
      "p90": 0.11582181230187416,
      "n": 100
    },
    "noise_floor_rms": {
      "median": 0.0001391551923006773,
      "p10": 9.999999974752427e-07,
      "p90": 0.0002960852783871815,
      "n": 100
    },
    "speech_rms": {
      "median": 0.1403908208012581,
      "p10": 0.06134577840566635,
      "p90": 0.19506652355194093,
      "n": 100
    },
    "snr_db": {
      "median": 59.0948838982027,
      "p10": 49.60317932345098,
      "p90": 97.52827056871958,
      "n": 100
    },
    "spectral_centroid_hz": {
      "median": 1099.641015747004,
      "p10": 836.5890098157743,
      "p90": 1677.5039250128696,
      "n": 100
    },
    "band_energy_lt_300hz": {
      "median": 0.14436285951187444,
      "p10": 0.02521648521458862,
      "p90": 0.5534143956527757,
      "n": 100
    },
    "band_energy_300_3400hz": {
      "median": 0.826606891448065,
      "p10": 0.44025976360122826,
      "p90": 0.9683363290458729,
      "n": 100
    },
    "band_energy_gt_3400hz": {
      "median": 0.0005456666578526108,
      "p10": 6.071511718701379e-05,
      "p90": 0.031033115201944805,
      "n": 100
    },
    "crest_db": {
      "median": 18.665876483359966,
      "p10": 16.850141718302506,
      "p90": 21.36942231892873,
      "n": 100
    },
    "peak": {
      "median": 0.7303466796875,
      "p10": 0.3287841796875,
      "p90": 0.9522216796875003,
      "n": 100
    },
    "sr_distribution": {
      "8000": 100
    },
    "channels_distribution": {
      "1": 100
    },
    "bit_depth_distribution": {
      "PCM_16": 100
    }
  },
  "synth": {
    "sr": {
      "median": 8000.0,
      "p10": 8000.0,
      "p90": 8000.0,
      "n": 100
    },
    "duration": {
      "median": 3.4424374999999996,
      "p10": 2.6204,
      "p90": 4.3434,
      "n": 100
    },
    "rms": {
      "median": 0.08265679329633713,
      "p10": 0.052072833850979806,
      "p90": 0.10825755074620251,
      "n": 100
    },
    "noise_floor_rms": {
      "median": 0.005515821278095245,
      "p10": 0.0012376950238831342,
      "p90": 0.01634786818176508,
      "n": 100
    },
    "speech_rms": {
      "median": 0.13317222893238068,
      "p10": 0.08390398770570755,
      "p90": 0.17905384749174122,
      "n": 100
    },
    "snr_db": {
      "median": 27.015757612705094,
      "p10": 19.279737079159048,
      "p90": 39.47000052748753,
      "n": 100
    },
    "spectral_centroid_hz": {
      "median": 1049.2780472677182,
      "p10": 882.0543968773334,
      "p90": 1278.617408787009,
      "n": 100
    },
    "band_energy_lt_300hz": {
      "median": 0.025981032608508075,
      "p10": 0.0014061829479424218,
      "p90": 0.15715007191588995,
      "n": 100
    },
    "band_energy_300_3400hz": {
      "median": 0.973625727125774,
      "p10": 0.8428033640406839,
      "p90": 0.9984438625942202,
      "n": 100
    },
    "band_energy_gt_3400hz": {
      "median": 5.950182048956466e-05,
      "p10": 3.196050351594096e-05,
      "p90": 0.00023796293271111324,
      "n": 100
    },
    "crest_db": {
      "median": 18.591100177209796,
      "p10": 16.650500037410836,
      "p90": 21.365252638158694,
      "n": 100
    },
    "peak": {
      "median": 0.6990966796875,
      "p10": 0.5115966796875,
      "p90": 0.9490966796875,
      "n": 100
    },
    "sr_distribution": {
      "8000": 100
    },
    "channels_distribution": {
      "1": 100
    },
    "bit_depth_distribution": {
      "PCM_16": 100
    }
  }
}