{
  "dataset": "snips",
  "n_utterances": 353,
  "model": "llama3.2",
  "intent_accuracy": 0.9036827195467422,
  "intent_correct": 319,
  "parse_failures": 0,
  "slot_f1": 0.914826498422713,
  "slot_precision": 0.90625,
  "slot_recall": 0.9235668789808917,
  "slot_tp": 435,
  "slot_fp": 45,
  "slot_fn": 36
}